content_groups,title,watchers_prev_mtd,watchers_this_mtd,plays_prev_mtd,plays_this_mtd,duration_prev_mtd,duration_this_mtd,rn1,rn2
Kids,Masha and The Bear,20765,32458,56824,97485,447935.35,905093.78333333333,1,1
Kids,Simba The Lion King - Kekompakan,14764,1830,23480,3760,260025.13333333333,64492.95,68,2
Kids,Tayo The Little Bus,14183,16342,42229,52157,418529.05,476454.93333333335,3,3
Kids,Pororo - The Little Penguin,13696,14942,32748,45655,211857.9,252631.2,4,4
Kids,Kastari Animation,13370,4828,25821,11173,138734.75,112012.75,17,5
Kids,Lagu Bermain dan Belajar,13151,4493,27186,9756,167872.11666666667,68187.5,20,6
Kids,Baby Bus - Seri Lagu Anak-anak Teratas,11031,6634,54482,38520,291135.56666666665,493155.33333333331,8,7
Kids,RIRI Cerita Rakyat ,9424,2230,22468,6520,145463.88333333333,48005.583333333336,52,8
Kids,Keluarga Somat - Special Disiplin,9145,4225,17092,8942,126965.4,127074.13333333333,23,9
Kids,Simba The Lion - Edukasi Alam  ,8941,823,11821,1226,75390.96666666666,12505.75,117,10
Kids,Baby Bus - Seri Mobil Monster,8795,4477,54815,20039,645477.58333333337,148190.35,21,11
Kids,Keluarga Somat Idul Fitri,8411,4846,18407,11225,137630.68333333332,72540.133333333331,16,12
Kids,Simba The Lion King - Spesial The King,8322,2045,14942,4158,168845.45,53188.98333333333,56,13
Kids,Pat a Pat Como,7815,5991,32490,26359,617203.05,375632.55,9,14
Kids,Thomas & Friends,7422,1614,13785,4129,95816.15,21110,80,15
Kids,Keluarga Somat - Special Penjelajah,6680,1984,13187,4763,122157.46666666666,65838.5,61,16
Kids,Baby Bus - Seri Team Penyelamat ,5915,14005,22708,41624,351617.5,457351.31666666665,5,17
Kids,Baby Bus - Lagu Top Anak - Anak,5817,3356,24473,16457,132071.2,156886.28333333333,34,18
Kids,Hp Si Dudung,5705,1219,8541,1971,31186.5,17941.05,95,19
Kids,Diva The Series,5638,3369,13615,9310,111050,76316.75,33,20
Kids,Keluarga Somat - Special Melawan Alien,5582,4860,11492,9886,106407.75,95536.766666666663,15,21
Kids,Keluarga Somat - Special Pak Somat,5409,3206,10711,7182,89466,63517.25,36,22
Kids,Asal Usul Cerita Raja,5292,1931,11413,4349,79895.35,29410.4,62,23
Kids,Keluarga Somat - Special Rajin Sekolah,4953,1777,11211,4245,87246.5,73658.75,71,24
Kids,Baby Bus - Seri Kebiasaan Baik & Tata Krama,4714,3896,12615,17722,49607.01666666667,351293.25,26,25
Kids,KARL Animated Series,4524,2786,11342,7091,82831.633333333331,61468.75,41,26
Kids,Keluarga Somat - Special Kebersamaan,4418,1414,11898,5030,103040.45,156956.75,89,27
Kids,Baby Bus - Seri Klasifikasi Sampah,4399,2428,7361,3247,52154.883333333331,7391.25,49,28
Kids,Baby Bus - Seri Makanan,4291,1709,24702,9283,221720.45,58703.883333333331,78,29
Kids,Baby Bus - Seri Kehidupan Sehari-Hari Untuk Anak-Anak,4257,3053,12009,10196,54420.666666666664,108844.95,38,30
Kids,Baby Bus - Seri Dinosaurus,4110,3494,7059,5712,35312.25,47215,29,31
Kids,Keluarga Somat - Special Dudung,4056,2645,12365,9543,189477.93333333332,168604.46666666667,45,32
Kids,Baby Bus - Kiat Keamanan Anak - Anak,4018,2771,22854,11332,108923,70654.883333333331,42,33
Kids,Baby Bus - Seri Lagu Pekerjaan,3979,5952,23082,41447,83373.416666666672,835159.43333333335,10,34
Kids,Ori Princess,3972,2230,12933,3014,154065.25,13217.5,53,35
Kids,Shaun the Sheep,3877,8402,9868,22460,78164,183327.75,6,36
Kids,Baby Bus - Top Song For Kids,3845,1820,12254,8289,34135.666666666664,166149.5,69,37
Kids,Baby Bus - Karakter Tiongkok Luar Biasa,3801,4408,14960,27920,157968,804065.5,22,38
Kids,Barbie Dreamtopia,3786,5651,6945,11707,41666.833333333336,92912.35,12,39
Kids,Keluarga Somat - Special Tahun Baru,3767,1565,6509,3149,48695.25,36411.5,82,40
Kids,Timmy Time,3614,5461,8432,12206,184503.75,80475.166666666672,14,42
Kids,Keluarga Somat - Special Liburan,3557,1994,9553,6165,129690.43333333333,137466.31666666668,58,43
Kids,Keluarga Somat - Internet,3447,1993,6930,4630,67788.75,48393,59,44
Kids,Baby Bus - Seri Halloween,3426,1729,5543,2477,25346.25,8337,74,45
Kids,Baby Bus - Seri Kendaraan,3372,1869,16821,11303,92148.483333333337,157560.95,64,46
Kids,Keluarga Somat Ramadan,3319,2331,7796,6188,62999.666666666664,46870.916666666664,51,47
Kids,Petualangan Si Unyil,3233,1674,8159,4292,45133.35,27000,79,48
Kids,Baby Bus - Lagu Anak-anak Klasik Terpopuler,3173,4057,5337,7794,24880.5,57195.25,24,49
Kids,EggRoy,3137,1466,6525,3038,42810.5,15272,88,50
Kids,Baby Bus - Seri Kereta Api Kecil,3125,5461,6743,14081,48615,134863,13,51
Kids,BaLiTa Seri Hewan,3045,1805,8047,5567,17170,26235.283333333333,70,52
Kids,Uwa and Friends,2907,2720,8506,8512,33964.083333333336,41502,43,53
Kids,Kisah Legenda Putri,2870,1189,6362,2883,49180.916666666664,19384.25,99,54
Kids,Como & Toys,2834,2927,8989,11013,58484.5,108091.25,40,55
Kids,Baby Bus - Seri Bakteri,2730,2662,16354,13549,186236.5,162936.75,44,56
Kids,Belajar Yuk!,2646,610,4439,973,59419.5,3656.5,131,57
Kids,Baby Bus - Kognisi Anak,2528,3252,7460,8670,37577.5,23862,35,58
Kids,Salman Dan Sofia,2519,902,4858,1855,31199.783333333333,8655,115,59
Kids,Keluarga Somat - Special Bu Inah,2459,1191,4162,1889,43564.75,11219.75,98,60
Kids,Drive Head,2452,1774,10364,8542,187886.25,160887,72,61
Kids,Salman & Sofia,2153,1226,6956,2317,53624.833333333336,7789.25,93,62
Kids,Oops I-Kooo,2113,1481,6825,4145,44311.25,26108.5,87,63
Kids,Baby Bus - Kebiasaan Baik,2096,1847,9031,8772,56569.15,104203.5,66,64
Kids,Baby Bus - Belajar Harian Untuk Anak-Anak,2094,3433,4891,8233,17214,124816,30,65
Kids,Baby Bus - Seri Hari Natal,2025,1723,6411,3931,19921.25,8299.7666666666664,76,66
Kids,Dongaebi,1992,1992,4290,4032,54000.5,21612,60,67
Kids,Baby Bus - Seri Melindungi Lingkungan,1905,2469,2903,3417,6085.25,16241.75,48,68
Kids,JooJoo & Roobi,1886,1587,3232,4013,11870.25,66413.75,81,69
Kids,Ollie and Friends,1885,3200,4164,7114,44604.85,43797.45,37,70
Kids,Baby Bus - Lagu Pekerjaan Anak-Anak,1841,2979,7632,13890,40469.75,162205.68333333332,39,71
Kids,Baby Bus - Lagu Tema Babybus,1790,1908,2828,2912,5624.75,14503.25,63,72
Kids,Dongeng Anak,1745,1833,2597,2425,45020.433333333334,13118.5,67,73
Kids,BaLiTa Official ,1655,1149,7122,4311,21152,24559.183333333334,101,75
Kids,Bellbug Popo,1620,1231,7902,4557,392933.16666666669,59517.283333333333,92,76
Kids,Baby Bus -  Kebiasaan Baik Sehari-hari,1584,1711,4550,4471,19967.033333333333,10858,77,77
Kids,Banana Doong Doong,1574,3843,10390,29406,86634.5,373140.75,27,78
Kids,Simba The Lion King,1531,2400,2441,3751,40705.75,39849.25,50,79
Kids,Como and Songs,1524,2640,6162,8441,60956.433333333334,93394.25,46,80
Kids,Dragon Warrior,1503,570,6912,2905,80112,29391.25,135,81
Kids,Baby Bus - Seri Pengetahuan Keamanan,1494,793,3407,2677,14874.966666666667,9443,120,82
Kids,Lagu Anak Indonesia TV,1442,4041,3756,9385,22064,37837.883333333331,25,83
Kids,The Powerpuff Girls,1419,1516,2107,2430,14515.75,16093.5,85,84
Kids,Barney & Friends,1295,1043,2520,2310,36822.25,20808,107,85
Kids,Lagu Anak Indonesia TV - Lagu Anak Terpopuler,1269,2207,3158,5636,12297.283333333333,24413.2,54,86
Kids,Evan Ziva,1219,2118,2510,4109,19621.95,20083.95,55,87
Kids,Ayo Menggambar,1197,708,2378,1358,27680,5850.75,124,90
Kids,Petok Si Ayam Kampung,1180,991,2850,2758,45016,22420.75,108,91
Kids,BaLiTa Makanan Sehat,1151,1997,2648,4241,4839.3833333333332,11766.683333333332,57,92
Kids,Tutu Town,1098,804,2551,1674,30958.5,9967.5,119,93
Kids,Baby Bus - Tim Penyelamat Super Panda,1039,3642,3317,11950,9751,49203.75,28,94
Kids,Baby Bus - Rhymes for Kids,1038,707,1618,1018,3104,4326,125,95
Kids,Peppa Pig,1026,1750,4019,5492,88960,42230.25,73,96
Kids,"how to draw upin ipin, (cara menggambar upin ipin)",1024,970,1273,1174,1756.5,1470.5,110,97
Kids,Lagu Anak Islami - Sholat 5 Waktu - Lagu Anak Indonesia - Nursery Rhymes,999,936,1241,1154,2179,1952.75,114,98
Kids,Simba The Lion King - Pertarungan,984,944,1974,1846,55063.25,24326.25,113,99
Kids,Kisah Binatang,905,1550,1675,2735,11161,21708.8,84,102
Kids,Manfaat Api Yang Anak-Anak Mesti Ketahui | Video Edukasi Anak,137,1552,170,2092,233.5,2919,83,183
Kids,Playtime at The Playground - Nursery Rhymes and Kids Songs - Kids Star TV - أغنية للأطفال,23,1496,39,2090,92,4284.75,86,480
Kids,Baby Bus - Food Series,0,23550,0,60219,0,661652.5,2,2786
Kids,Doby Disy: Petualangan,0,7367,0,11547,0,86798,7,2787
Kids,Bea Beo,0,5737,0,13582,0,75090.5,11,2788
Kids,Shutterbugs - Kehidupan Kota Murky Marsh,0,4731,0,7172,0,36200.5,18,2789
Kids,Doby Disy: Kasih Sayang,0,4597,0,6911,0,77605.5,19,2790
Kids,Baby Bus - Super Panda Rescue Team,0,3400,0,6094,0,66060.5,31,2791
Kids,Doby Disy: Melihat Keajaiban,0,3382,0,4743,0,31336.75,32,2792
Kids,Cerdas dan Saleh Hafiz & Hafizah,0,2632,0,6403,0,47917.683333333334,47,2793
Kids,Perilaku Baik Hafiz & Hafizah,0,1861,0,4104,0,4109,65,2794
Kids,Doby Disy: Bersenang senang,0,1728,0,2297,0,26787.766666666666,75,2795
Kids,Ori Princess: Cerita Si Kaisar,0,1289,0,2115,0,20416,90,2796
Kids,Ori Princess: Cassie dan Hewan Liar,0,1279,0,2869,0,50709.25,91,2797
Kids,Ori Princess: Acara Kekaisaran,0,1220,0,2611,0,34357.75,94,2798
Kids,Lagu Anak Indonesia - Pepaya,0,1216,0,2650,0,4809.75,96,2799
Kids,Kegiatan Sehari-Hari Hafiz & Hafizah,0,1203,0,2834,0,3027.5,97,2800
Films,Penthouse,97687,86086,718210,710087,15674800.016666668,17524216.5,1,1
Films,Diet Ekstrim Bucin Sejati,33579,1105,57920,1251,1220322.5333333334,779,193,2
Films,Hotel del Luna,18738,8870,93962,27756,2236599.9833333334,587031.85,15,3
Films,Descendants of the Sun,17215,21465,111080,155902,2191452.2,3191724.9833333334,5,4
Films,Ashes of Love,14618,8158,31567,18416,402041,203772.25,19,5
Films,Legend of Fu Yao,13272,8161,40852,24377,691697.93333333335,367249.11666666664,18,7
Films,The World of the Married,11972,12493,67679,65886,1366385.9166666667,1358128.0333333334,10,9
Films,Live On,11080,4044,17510,11005,179097.2,200547.23333333334,44,10
Films,Fight for My Way,9046,3975,37796,12484,758185.71666666667,225251.71666666667,47,13
Films,Cheese in the Trap,8413,2854,24778,10901,425080.31666666665,217145.25,70,14
Films,Parade Film Pendek,8061,5858,10529,8696,37248,40288.48333333333,30,15
Films,Extraordinary You,7164,5053,19974,16064,360061.93333333335,317643.3,35,16
Films,Stand by Me Doraemon,6646,8000,11583,13074,217312.4,226287.13333333333,20,17
Films,The Gang Doctor,6228,1112,28467,5990,472996.75,126969.5,191,19
Films,Sky Castle,5908,5172,25059,11381,593875.25,188717.68333333332,33,20
Films,Perfect Girl,5821,6490,6831,7678,21810.55,20006.8,26,21
Films,Kairos,5623,3584,12955,8939,255918.76666666666,165121.86666666667,57,22
Films,Uncontrollably Fond,5451,1269,15232,4115,237688.03333333333,70738.883333333331,157,23
Films,18 Again,5424,6045,16457,19584,338643.93333333335,396214.18333333335,28,24
Films,The Swordsman,5223,1757,8539,2588,251159.33333333334,75766.35,116,25
Films,Jual Tanah Demi Pansos,5041,1254,6290,1498,5611.25,1298.65,159,26
Films,True Beauty - hanya di tvN,4997,2848,5698,3239,1592.5,783.5,71,27
Films,Please Don't Date Him,4893,1557,10367,3841,155370.6,68559.45,132,28
Films,Healer,4874,5983,27792,33991,681510.31666666665,782856.6,29,29
Films,Tale of the Nine Tailed,4798,6147,15193,19871,311169.25,374620.08333333331,27,30
Films,Kenapa Mau Taaruf - Keysa,4426,1462,6735,2671,25962.25,13221.5,139,31
Films, Love in the Moonlight,4372,1159,12026,3187,193643.26666666666,54261.066666666666,173,32
Films,Reply 1988,4329,3415,13080,8866,285853.93333333335,199076.5,62,33
Films,Symphony's Romance,4241,2452,6999,5456,81290.25,83743.733333333337,82,34
Films,Lawless Lawyer,4170,2945,11409,9343,218589.35,180973,68,36
Films,Gank Your Heart,4044,8496,16726,25121,261138.61666666667,302254,16,37
Films,Goblin,4042,3994,13679,15637,294626.53333333333,368915.66666666669,46,38
Films,Sweet Munchies,3995,1230,7316,2851,105205.75,42573.26666666667,161,39
Films,Gundala,3916,3626,7158,6944,176113.65,157179.85,56,40
Films,Nonton Terus Sinetron Jodoh Pengantar Jenazah Setiap Malam Jam 22.00 WIB di ANTV,3872,1743,4771,2058,1107,340,117,41
Films,5 CM,3646,3776,6467,6506,231920.7,213421.7,53,43
Films,Descendants of the Sun (Dubbing Bahasa Indonesia),3579,4526,26728,32801,451671.15,564700.15,42,44
Films,Jodha Akbar,3538,2532,47019,33342,704848.76666666672,521775.16666666669,80,45
Films,We Bare Bears,3496,3882,13639,16024,191841,200790.75,50,46
Films,Cari Konten Dapat Jodoh,3487,1508,5527,2223,4008.25,1499.0333333333333,135,47
Films,Kala Senja Di Jakarta,3285,1347,4964,2051,29042.216666666667,12241.016666666666,151,48
Films,The Guys,3099,2080,5375,3434,190767.76666666666,115841.98333333334,97,49
Films,True Beauty | Teaser Episode 1,3086,1526,3661,1909,1917.5166666666667,775.5333333333333,134,50
Films,Legend of the Blue Sea,3020,5106,10076,15221,170756,247621,34,51
Films,Klarifikasi Fizi Minta Maaf Pada Upin dan Ipin,2960,2243,3523,2806,3063.75,2131.75,92,52
Films,The Last Princess,2928,1423,5151,2134,164897.38333333333,73298.433333333334,141,53
Films,The Beauty Inside ,2917,1274,8673,4592,139938.15,77927.5,155,54
Films,Oh My Venus,2873,1027,10827,3950,202042.31666666668,78521.05,207,55
Films,The Himalayas,2816,1639,4209,2227,105831.25,52603,123,56
Films,Sweet 20,2809,1145,4431,1746,131565.18333333332,52842.75,174,57
Films,Full House,2760,3461,9253,10310,150384,169064.5,60,58
Films,Awaken,2757,3224,7874,8832,158641.76666666666,162282.2,65,59
Films,SLANK Nggak Ada Matinya,2715,3453,4300,5619,100784.75,133719.25,61,60
Films,While You Were Sleeping,2624,2160,7919,6693,134866.5,113510.25,93,61
Films,More Than Friends,2486,3996,7444,9153,149689.71666666667,138747.91666666666,45,62
Films,Nikah Muda,2454,1957,5388,4337,36839.416666666664,29235.033333333333,103,63
Films,Secret Affairs,2435,2370,7729,7691,125882,120539.6,85,64
Films,The Raid 2: Berandal,2356,2296,3892,3945,102019.5,116464.25,87,65
Films,The Last Empress,2303,1796,8433,8558,134068.81666666668,164418.33333333334,111,67
Films,Feather Flies to the Sky,2231,1139,6488,4544,136034.91666666666,97141.5,178,68
Films,What's Wrong with Secretary Kim,2187,16682,11066,114541,230367.25,2560640.3333333335,7,69
Films,Train to Busan,2172,4840,3274,7232,66343.7,109312,37,70
Films,My ID is Gangnam Beauty,2154,3491,7498,12402,149071.48333333334,249089.48333333334,59,71
Films,The Inheritors,2143,15552,8953,99779,191147.75,2284655.0833333335,9,72
Films,The K2,2123,1613,9775,8335,219594.5,199768.25,125,73
Films,Pinocchio,2063,2597,8299,9200,173500.75,198388.75,78,74
Films,Love Is Not For Sale,2018,2599,3930,5414,41974,66755.75,77,75
Films,Welcome to Waikiki 2,2016,1185,6078,2914,114735.06666666667,45268.85,166,76
Films,Legend of the Blue Sea (Dubbing Indonesia),1999,3695,6641,13423,92095.3,219665.5,55,77
Films,Barney & Friends,1999,1860,2834,2609,26188.716666666667,21981.65,108,78
Films,4 Different Houses,1968,2271,3323,3823,27745.25,29995.2,91,79
Films,Hwarang,1962,1911,7073,6912,120111.45,127231,106,80
Films,The Virus,1899,8281,4073,15397,61741.783333333333,222750.88333333333,17,81
Films,Haebangchon,1893,1041,2328,1298,27813.25,12295,203,82
Films,Zombie Detective,1889,1571,7181,4838,106582.96666666666,64004.783333333333,129,83
Films,"Welcome | Full Movie | Akshay Kumar, Katrina Kaif, Anil Kapoor, Nana Patekar | HD | Subtitle In Indonesian",1887,2426,3316,4357,45765.5,62857.5,84,84
Films,Sinetron Jodoh Wasiat Bapak.  Eps 109 Karma Pemilik Panti Asuhan Serakah.  Tayang Jumat 28 Juli 2017 jam 19.00 WIB  di ANTV. Wilbert sebagai Wawan. Tayang setiap malam pukul 19.00 & 23.00 WIB di ANTV.,1881,990,2103,1081,939.75,387.5,219,85
Films,18+: True Love Never Dies,1788,2995,2362,3889,30284,43062.25,67,86
Films,HBO - Sex Tape,1772,549,1950,631,480,158,365,87
Films,The Flu,1764,2898,3066,5118,109723.25,147750.76666666666,69,88
Films,The Master's Sun,1720,793,5862,2890,97470.25,60177.5,259,90
Films,Sunflower,1717,601,2096,769,24827.75,7330.75,339,91
Films,Boys Over Flowers,1634,2286,7017,9220,129790.7,181756.28333333333,88,92
Films,Prison Playbook,1614,2696,2931,8391,61216.416666666664,231412.93333333332,75,93
Films,Dongeng Kita,1609,956,3729,2374,34552.51666666667,13998,226,94
Films,The World of the Married (Dubbing Bahasa),1606,1013,4866,2903,81124.816666666666,48560.95,212,95
Films,War,1595,1141,2522,1856,73647.416666666672,53066.083333333336,177,96
Films,Strong Girl Bong-soon,1589,9402,6770,65674,148728.25,1535175.9166666667,13,97
Films,Pendekar Tongkat Emas,1572,1224,2631,2121,60936.25,50494.25,164,99
Films,Doctor Stranger,1555,2447,5794,10615,105683.15,210728.48333333334,83,101
Films,Secretary,1535,2785,2131,3726,37083.5,56786.25,72,104
Films,Serigala Terakhir,1522,2285,2668,3859,74416.25,105476.25,89,105
Films,Gagal Nikah The Series,1512,2128,2564,3802,16905,21426.883333333335,94,107
Films,American Pie,1484,2554,2112,3587,32790.75,52497.25,79,109
Films,Flower of Evil,1476,3272,4847,8832,90858.5,164044.15,63,110
Films,LIBURAN YANG HOT - MAJIKAN MASA GITU THE SERIES EPS 9,1448,2116,1710,2521,4997.75,7302.416666666667,95,113
Films,24hrs in Wuhan - Quarantine,1362,2074,1518,2268,11404.45,16618.333333333332,98,122
Films,Autumn in my Heart,1356,2621,5554,10141,87404.6,179036.46666666667,76,123
Films,The King 2 Hearts,1351,4748,4755,22972,122105.5,493111.13333333336,38,124
Films,Galih dan Ratna,1318,2528,1942,3558,32877.75,51811,81,128
Films,Find Me In Your Memory,1170,2282,2598,6410,51149.25,110327.25,90,141
Films,Well Intended Love 2,1103,4610,2694,9535,36100.5,99895.2,41,149
Films,Mariposa Official Trailer - Tayang 12 Maret 2020 Di Seluruh Bioskop,758,6905,870,7875,1072.75,8550.1333333333332,25,216
Films,Oh My Ghost,708,3780,2704,12854,68537.75,198052,52,228
Films,Gangaa,598,4645,2417,13693,35868.2,171482.75,39,256
Films,24hrs in Wuhan - Epicenter,494,7307,554,8071,4444.916666666667,41251.533333333333,23,306
Films,Mouse,0,46544,0,94757,0,1305861.1166666667,2,6537
Films,Sumpah Cinta Itu Gak Buta,0,31652,0,56953,0,1271031.6,3,6538
Films,"Supir Truk Sis, Semongko!",0,21952,0,37112,0,717210.08333333337,4,6539
Films,The Legends,0,19919,0,92660,0,1505690.6833333333,6,6540
Films,Definisi Trial Pacaran Bikin Insecure,0,16429,0,27978,0,577690.66666666663,8,6541
Films,Peninsula,0,11242,0,18746,0,426096.16666666669,11,6542
Films,Gagal Nikah Malah Dikira Orang Ketiga,0,10348,0,16957,0,395666.11666666664,12,6543
Films,Dua Garis Biru,0,9098,0,11337,0,10165.283333333333,14,6544
Films,Kupetik Cinta Penjual Bunga,0,7928,0,13362,0,279271.81666666665,21,6545
Films,Horror Delivery Service,0,7770,0,14943,0,42555.98333333333,22,6546
Films,Home Sweet Home,0,7294,0,7824,0,27851.316666666666,24,6547
Films,Yeojeong's Journey,0,5531,0,6756,0,10860.25,31,6548
Films,"Yuh Lihat keseruan MEET AND GREET SINETRON SCTV ALL STARS, Love Storie The Series, Buku Harian Seorang istri, Samudra Cinta, Dari Jendela Smp",0,5370,0,8044,0,1640,32,6549
Films,"Saksikan.. MEET AND GREET SINETRON SCTV ALL STARS, Love Storie The Series, Buku Harian Seorang Istri, Samudra Cinta, Dari Jendela Smp.",0,4948,0,7949,0,1777.5,36,6550
Films,"Jangan Diskip, Menantu Idaman Mau Lewat",0,4621,0,7967,0,186258.45,40,6551
Films,Kudapan Spesial ,0,4360,0,4565,0,19056,43,6552
Films,Labrak Mantan Auto Manten,0,3931,0,6192,0,138794.56666666668,48,6553
Films,Signal,0,3901,0,14969,0,275924.96666666667,49,6554
Films,Tunnel,0,3840,0,15162,0,406974.76666666666,51,6555
Films,Wonderful Ghost,0,3748,0,4275,0,4436.55,54,6556
Films,Mr. Hashtag,0,3543,0,5570,0,13666.5,58,6557
Films,China’s Battle Against COVID 19,0,3236,0,3879,0,13709.483333333334,64,6558
Films,Unbaedah,0,3083,0,3610,0,14862.75,66,6559
Films,ASA,0,2772,0,3125,0,27555.633333333335,73,6560
Films,The Sound of Flower,0,2710,0,3131,0,2818,74,6561
Films,Rendang of Death,0,2340,0,2581,0,6411.1333333333332,86,6562
Films,Ordinary Life of Miss O,0,2094,0,4413,0,7728.083333333333,96,6563
Films,"Sesuatu, Aku Merias Calon Istri Mantanku",0,2060,0,2968,0,63275.5,99,6564
Original Series,Turn On,215410,408098,708643,1519714,7276534.1833333336,23895671.316666666,1,1
Original Series,Brutal,149475,149408,348872,421055,3923955.1333333333,5711957.8,2,2
Original Series,SERIGALA TERAKHIR,59472,60046,177788,174321,1772023.85,2422010.55,7,3
Original Series,I HEAR(T) YOU,51242,44043,141179,114904,724671.55,832828.75,8,4
Original Series,I Love You Baby,43632,90720,223403,458952,3850256.95,7622219.45,4,5
Original Series,Perfect Love,38060,60600,96003,182024,753130.43333333335,2246955.6166666667,6,6
Original Series,World of Dr. Boyke,33057,19404,95925,38185,219840.18333333332,254547.95,11,7
Original Series,Scandal,23361,91057,35770,201987,22155.583333333332,2479365,3,8
Original Series,Loncat Kelas,23079,20372,57159,64764,402125.73333333334,490408.78333333333,10,9
Original Series,GET MARRIED,20625,15717,44325,38944,643084.91666666663,609286.7,14,10
Original Series,Omen,19289,17450,50326,56363,727782.48333333328,888157.25,12,11
Original Series,HEART,13886,20467,29155,41573,399514.56666666665,562596.6333333333,9,12
Original Series,Girls in The City,8347,16573,51906,92570,1042273.75,1918190.75,13,13
Original Series,Jawara,7734,13400,32104,47379,276070.5,413010.6,15,14
Original Series,On The Weekend,3524,10679,4749,14075,37614.816666666666,157983.06666666668,16,15
Original Series,Vidio Original Series: Behind the Scenes,1439,6809,2132,9796,1998.5,10607.516666666666,17,16
Original Series,Next On Episode 15 - I Love You Baby | Vidio Original Series,81,725,104,892,44,335.5,18,18
Original Series,Next On Episode 14 - I Love You Baby | Vidio Original Series,68,505,85,604,28,189,19,20
Original Series,Love is (Not) Blind ,0,62475,0,139742,0,1586001.6166666667,5,108
Sports,molasportsfree,71664,69131,143754,135811,842112.25,817449.25,2,1
Sports,vidioesports,40674,48088,59501,67328,130622,247881.5,5,2
Sports,nba,28736,38548,253294,253004,3781467.25,4740012,6,3
Sports,vidiopremier,14766,27205,62473,104574,279420.25,468219.5,8,5
Sports,sctv,5860,3227,11350,6271,189455.1,105047.2,44,11
Sports,onechampionship,3635,7186,4430,8946,19501,30093.25,22,16
Sports,Highlight - Barcelona vs Juventus I UEFA Champions League 2020/2021,2479,3964,2853,4815,10045,19878.25,34,21
Sports,Mini Match - Paris Saint-Germain VS Bayern Munchen I UEFA Champions League 2019/2020,1444,807,1709,965,10890,5924.25,98,33
Sports,Mini Match - Barcelona VS Bayern Munchen I UEFA Champions League 2019/2020,1299,888,1583,1118,9242.75,6589.55,89,35
Sports,NBA 2020/2021,742,1078,2122,1995,29602,16457.25,76,52
Sports,Highlight - Juventus  VS Barcelona I UEFA Champions League 2020/2021,559,592,651,976,1798.5,3695.75,112,66
Sports,Tunggal Putra - Ardy Wiranata (INA) vs Zhao Jianhua (CHN) I World Championships Final 1991,441,781,532,909,1736.75,2470,100,84
Sports,Sekilas Tentang Portugal Vs Maroko,385,501,392,505,213.5,242,130,97
Sports,Shopee Liga 1 Is Back !,336,1047,377,1155,130.5,606.75,79,111
Sports,Fox Sports,25,2767,35,4416,16,3110,51,1006
Sports,World Tour Finals 2020  | Promo | BWF 2021,25,989,31,1165,9.5,577.75,82,1007
Sports,PS TIRA PERSIKABO,20,3352,29,3896,68.5,2586.5,40,1176
Sports,Timnas Match Day - PSIM vs TIMNAS U 23,3,2525,4,3098,20.75,20491.25,53,4264
Sports,Bali United (0) vs (0) Indonesia U 23 - Highlight | Timnas Match Day,3,1876,3,2219,0.25,1520.75,60,4265
Sports,indosiar,2,367874,4,888076,0.75,9292240.75,1,5500
Sports,mdl.indonesia,1,53948,1,88550,0.25,481792.75,4,8135
Sports,mpl.id.official,1,31913,1,52787,0,414453.25,7,8136
Sports,"AHHH...!!! Dapet Bola Berkah, Tendangan Ichsan-PSIM Masih Melebar di Sisi Gawang - Timnas Match Day ",1,3126,1,3805,0.5,1431.25,47,8137
Sports,Highlights Bali United Vs Timnas U-23,1,1731,1,1782,2.25,2077.75,64,8138
Sports,Dhuar!! Serangan Bertubi-Tubi PSIM Masih Bisa Diselamatkan Nadeo-Timnas U23 | TIMNAS MATCH DAY ,1,1288,1,1460,0,1463.75,69,8139
Sports,Full Match - Indonesia vs Philppine | Merlion Cup 2019,1,803,1,899,0.25,1673.5,99,8140
Sports,Love Story The Series ,0,64421,0,115473,0,1067784.2,3,15742
Sports,Mini Match - Timnas U23 (3) vs (1) Bali United  | Timnas U23 Match Day,0,15643,0,18968,0,96420.75,9,15743
Sports,"Timnas U23 Match Day! Sepak Bola Indonesia Kembali Bergelora, Nantikan Tanggal 3 & 5 Maret 2021!",0,14659,0,20317,0,5976.2666666666664,10,15744
Sports,Goal Highlight - Timnas U23 (2) vs (0) Tira Persikabo | Timnas U23 Match Day,0,12910,0,14595,0,22631.75,11,15745
Sports,Highlight - Atalanta vs Real Madrid I UEFA Champions League 2020/2021,0,10742,0,11810,0,27202.5,12,15746
Sports,Highlight - Barcelona vs PSG I UEFA Champions League 2020/2021,0,10736,0,12145,0,32187.75,13,15747
Sports,Highlight - Monchengladbach vs Manchester City I UEFA Champions League 2020/2021,0,10646,0,11744,0,29671.5,14,15748
Sports,Sepak Bola is Back! Tonton Pertandingan Timnas U-23 vs Tira Persikabo - 3 Maret 2021,0,9820,0,12605,0,5090,15,15749
Sports,Full Match - Timnas U23 (2) vs (0) Tira Persikabo | Timnas U23 Match Day,0,9740,0,12959,0,128492.5,16,15750
Sports,Highlight - Porto vs Juventus I UEFA Champions League 2020/2021,0,9231,0,10327,0,24583.25,17,15751
Sports,Full Match - Timnas U23 (0) vs (0) Bali United | Timnas U23 Match Day,0,8756,0,12272,0,55723.75,18,15752
Sports,Mini Match - Timnas U23 (1) vs (0) Tira Persikabo | Timnas U23 Match Day,0,8174,0,10128,0,48303.75,19,15753
Sports,Match Highlights | Juventus 3 vs 0 Spezia | Serie A 2021,0,7731,0,9392,0,25823.5,20,15754
Sports,Highlight - Atletico Madrid vs Chelsea I UEFA Champions League 2020/2021,0,7709,0,8550,0,21681.5,21,15755
Sports,"Tim Kebanggaan Timnas U23 Akan Bertanding dengan Tira Persikabo & Bali United, Jangan Lewatkan!",0,6993,0,9073,0,2974.5,23,15756
Sports,Fox Sports March Moments,0,6736,0,9407,0,5470,24,15757
Sports,5 Fakta Jelang Atletico Madrid vs Real Madrid,0,6426,0,7793,0,2037.75,25,15758
Sports,Highlight - Lazio vs Bayern Muenchen I UEFA Champions League 2020/2021,0,5503,0,6102,0,20415.25,26,15759
Sports,Goal Highlights - Timnas U23 (3) vs (1) Bali United  | Timnas U23 Match Day,0,5078,0,5707,0,13491,27,15760
Sports,"Nonton di Rumah Pertandingan Paling Ditunggu! Timnas U-23 vs Bali United, Malam Ini! - 7/3/21",0,4826,0,5901,0,993.75,28,15761
Sports,Match Highlights | AS Roma 1 vs 2 AC Milan | Serie A 2021,0,4508,0,5082,0,16681.25,29,15762
Sports,"Milan vs Udinese - Kamis, 04 Maret 2021 | Serie A",0,4459,0,8191,0,2207,30,15763
Sports,Mini Match - Timnas U23 (2) vs (0) Tira Persikabo | Timnas U23 Match Day,0,4365,0,5242,0,24985.5,31,15764
Sports,Goal Highlight - Timnas U23 (3) vs (1) Bali United  | Timnas U23 Match Day,0,4282,0,4867,0,10235.75,32,15765
Sports,Highlight - Leipzig vs Liverpool I UEFA Champions League 2020/2021,0,4155,0,4733,0,15907.75,33,15766
Sports,Match Highlights | Sevilla 0 vs 2 Barcelona | La Liga Santander 2021,0,3909,0,4826,0,10797,35,15767
Sports,Match Highlight | AC Milan 0 vs 3 Inter Milan | Serie A 2021,0,3826,0,4539,0,11524.616666666667,36,15768
Sports,"Juventus vs Lazio - Minggu, 7 Maret 2021 | Serie A",0,3749,0,4031,0,4241,37,15769
Sports,"Inter vs Atalanta - Selasa, 9 Maret 2021 | Serie A",0,3492,0,3807,0,3369.5,38,15770
Sports,Highlight - Sevilla vs Dortmund I UEFA Champions League 2020/2021,0,3404,0,3785,0,11943.366666666667,39,15771
Sports,Yonex All England Open 2021 | Promo | BWF 2021,0,3347,0,13344,0,6355.5,41,15772
Sports,Timnas Match Day - Bali United vs Timnas U 23,0,3343,0,3824,0,16057.5,42,15773
Sports,"Parma vs Inter - Jumat, 05 Maret 2021 | Serie A",0,3326,0,3973,0,1279,43,15774
Sports,Match Highlights | Juventus 3 vs 1 Lazio | Serie A 2021,0,3170,0,3573,0,11158.333333333334,45,15775
Sports,Match Highlights | Atletico Madrid 1 vs 1 Real Madrid | La Liga Santander 2021,0,3137,0,3398,0,9433.75,46,15776
Sports,Yonex Swiss Open 2021 | Promo | BWF 2021,0,3090,0,4233,0,1848.25,48,15777
Sports,Match Highlights | Real Madrid 1 vs 1 Real Sociedad | La Liga Santander 2021,0,2898,0,3376,0,8399.5,49,15778
Sports,"Juventus vs Spezia - Rabu, 3 Maret 2021 | Serie A",0,2772,0,3538,0,1138,50,15779
Sports,GOOOLLL!!! Umpan Yudho (Timnas U23) Berhasil Di Tanduk Rafli (Timnas U23) Menambah Skor Timnas U23 2 Vs 0 Tira Persikabo | Timnas U23 Day,0,2720,0,2925,0,2219.25,52,15780
Sports,Match Highlights | Inter Milan 3 vs 0 Genoa I Serie A 2021,0,2421,0,2956,0,6881.4833333333336,54,15781
Sports,Mini Match - Atalanta vs Real Madrid I UEFA Champions League 2020/2021,0,2357,0,2769,0,11083.5,55,15782
Sports,"Verona vs AC Milan - Minggu, 7 Maret 2021 | Serie A",0,2290,0,2605,0,797.5,56,15783
Sports,5 Fakta Jelang Juventus vs Lazio,0,2206,0,2611,0,1223.75,57,15784
Sports,Match Highlights | Villarreal 0 vs 2 Atletico Madrid | La Liga Santander 2021,0,2165,0,2872,0,3624.75,58,15785
Sports,"GOOOLLLL!!!! Tendangan Manis Kadek Agung (U23) Merobek Gawang Tira Persikabo, Timnas U23 1 Vs 0 Tira Persikabo",0,2133,0,2363,0,1560.25,59,15786
Sports,"Jadwal Liga Inggris Pekan 27, Derbi Manchester City Vs Manchester United",0,1819,0,2330,0,809.75,61,15787
Sports,Match Highlights | Barcelona 2 vs 0 Osasuna | La Liga Santander 2021,0,1768,0,2008,0,5676.2333333333336,62,15788
Sports,Match Highlights | Verona 1 vs 1 Juventus | Serie A 2021,0,1761,0,2066,0,4820.75,63,15789
Sports,Match Highlights | Parma 1 vs 2 Inter Milan | Serie A 2021,0,1694,0,2003,0,6002.5,65,15790
Sports,Gooolll!!! Crossing Osvaldo Haay (Timnas U23) Di Tanduk  Hari Yudho (Timnas U23)!! Timnas U23 (1) Vs (0) Bali Utd | TIMNAS DAY,0,1417,0,1651,0,1128.25,66,15791
Sports,Match Highlight | Barcelona 3 vs 0 Elche | La Liga Santander 2021,0,1414,0,2215,0,7674,67,15792
Sports,"Osasuna vs Barcelona - Minggu, 7 Maret 2021 | La Liga Santander",0,1299,0,1622,0,296.25,68,15793
Sports,"Atletico vs Real Madrid - Minggu, 7 Maret 2021 | La Liga Santander",0,1234,0,1471,0,230.25,70,15794
Sports,Goal Highlights - Timnas U23 (2) vs (0) Tira Persikabo | Timnas U23 Match Day,0,1206,0,1347,0,2079,71,15795
Sports,"Roma vs Milan - Senin, 1 Maret 2021 | Serie A",0,1167,0,1269,0,1243.5,72,15796
Sports,Jebreeeett Gooolll!!! Tendangan Tanpa Pikir Panjang Lerby (Bali Utd) Mempertipis Ketinggalan!! TIMNAS U23 (3) - (1) BALI UTD | TIMNAS DAY,0,1162,0,1226,0,637,73,15797
Sports,Highlight - Arsenal vs Benfica I UEFA Europa League 2020/2021,0,1148,0,1322,0,4090.75,74,15798
Sports,Mini Match - Monchengladbach vs Manchester City I UEFA Champions League 2020/2021,0,1090,0,1207,0,4212.75,75,15799
Sports,Mini Match - Barcelona vs PSG I UEFA Champions League 2020/2021,0,1072,0,1285,0,7820.05,77,15800
Sports,Highlight - Man. United vs Real Sociedad I UEFA Europa League 2020/2021,0,1057,0,1169,0,2719.75,78,15801
Sports,"Highlights Babak I Timnas Indonesia Vs Tira Persikabo, Gol Indah Tercipta",0,1026,0,1120,0,2000.5,80,15802
Sports,Highlight - Roma vs Braga I UEFA Europa League 2020/2021,0,1005,0,1103,0,2897.25,81,15803
Sports,Bali United (0) vs (0) Indonesia U 23 - Full Highlight | Timnas Match Day,0,954,0,1048,0,2883.5,83,15804
Sports,UFC Fight Night: Edwards vs Muhammad,0,942,0,1010,0,474.75,84,15805
Sports,Mini Match - Man. United vs Real Sociedad I UEFA Europa League 2020/2021,0,924,0,1129,0,6745.75,85,15806
Sports,Match Highlights | AC Milan 1 vs 1 Udinese | Serie A 2021,0,915,0,1011,0,2747.75,86,15807
Sports,Highlight - Milan vs Crvena Zvezda I UEFA Europa League 2020/2021,0,901,0,1005,0,2947.5,87,15808
Sports,"Roma vs Genoa - Minggu, 7 Maret 2021 | Serie A",0,895,0,1021,0,346.5,88,15809
Sports,Saksikan Duel Seru Timnas U23 vs PSIM Yogyakarta - 2 Juni 2019 di Indosiar ,0,879,0,1009,0,387.75,90,15810
Sports,Barcelona vs Paris,0,867,0,1072,0,10679.25,91,15811
Sports,"Sassuolo vs Napoli - Kamis, 04 Maret 2021 | Serie A",0,860,0,986,0,434.5,92,15812
Sports,Mini Match - Atletico Madrid vs Chelsea I UEFA Champions League 2020/2021,0,850,0,1007,0,6774.25,93,15813
Sports,Bali United (0) vs (1) Timnas U-23 - Goal Highlights | Trofeo HB X Cup,0,849,0,902,0,554.75,94,15814
Sports,Mini Match - Lazio vs Bayern Muenchen I UEFA Champions League 2020/2021,0,842,0,996,0,4895.25,95,15815
Sports,Highlight - Tottenham vs Wolfsberger | UEFA Europa League 2020/2021,0,834,0,936,0,2630.5,96,15816
Sports,Goooolll!! Heading Bertubi Tubi Diselesaikan Koko (Timnas U23) Dan Tak Tertahan Barisan Pertahanan Bali Utd!! Timnas U23 (2) Vs (0) Bali Utd | TIMNAS DAY,0,832,0,995,0,609.75,97,15817
TV Contents,sctv,2088339,2110998,13278106,13946107,177427554.96666667,170160783.7,1,1
TV Contents,rcti,1939246,1688836,16300735,13378969,206614595.93333334,162347833.5,2,2
TV Contents,indosiar,959765,1664515,4229100,7348924,61264197.016666666,86937484.88333334,3,3
TV Contents,transtv,767205,724287,3236433,3134922,50720884,50330503.5,4,4
TV Contents,trans7,666304,664773,2664665,2663892,34925380.5,35541031.25,5,5
TV Contents,mnctv,623195,631111,3405851,3452728,34515241,33735769.5,6,6
TV Contents,Buku Harian Seorang Istri,572215,363659,3453101,1799993,34855459.033333331,17563189.216666665,8,7
TV Contents,globaltv,514498,532022,2245518,2324197,23589858.5,23198248.25,7,8
TV Contents,netmediatama,335675,351991,911104,920755,8882282.25,8498633.75,9,9
TV Contents,Dari Jendela SMP,306749,278859,2095293,1866626,22554795.216666665,18847068.75,10,10
TV Contents,Love Story The Series ,230924,245198,1521469,1354780,15483963.683333334,14200509.483333332,11,11
TV Contents,rtv,206720,212074,662555,681848,5689688.75,5652899.5,12,12
TV Contents,metrotv,202854,201219,767181,764922,12607594.75,11804329.75,14,13
TV Contents,kompastv,199284,175721,784550,697124,14507342.25,12066309.5,15,14
TV Contents,Samudra Cinta,140413,161485,1267256,1062456,15648339.616666667,13427423.683333334,16,15
TV Contents,Mega Series Suara Hati Istri,97315,208208,482706,1350539,7073328.15,18970763.416666668,13,16
TV Contents,beritasatu,94085,80638,227140,205876,2166930,2174836.25,19,17
TV Contents,inews_tv,92406,83294,347852,326108,4614086,4332152,18,18
TV Contents,tvriofficial,88605,56100,182908,127928,963248.25,889909.75,23,19
TV Contents,vidiopremier,84282,115297,585638,791069,7723519.5,10489101,17,20
TV Contents,Catatan Harianku,56859,49224,174686,172152,2889263.2333333334,2741051.8166666669,26,21
TV Contents,Kulepas dengan Ikhlas,55918,19355,88380,27953,1072487.15,285210.65,49,22
TV Contents,prambors,55546,64637,93400,109127,1641936.25,1984786,22,23
TV Contents,ajwatv,46776,41454,90490,77834,616697.75,575064.25,30,24
TV Contents,esportstainmentid,42529,50902,61094,70729,296534.25,179846.4,25,25
TV Contents,sports360,41716,40163,71781,60092,604579.75,280549.75,31,26
TV Contents,radioardan,41688,25933,58676,37581,268671.5,243948,40,27
TV Contents,jaktv.official,40641,38895,70200,64969,160958.5,162791.5,33,28
TV Contents,ochannel,40403,65272,65750,99303,164718.75,212828,21,29
TV Contents,Suara Hati Istri   ,34162,48114,121223,155964,2006153.5666666667,2537674.7333333334,28,30
TV Contents,Semarak Indosiar,32031,68745,78187,204617,1006552.8833333333,3462671.7666666666,20,31
TV Contents,Dari Jendela SMP (Extras),28075,35373,88945,105735,278111,395276.15,35,32
TV Contents,Bujang Alay Mengejar Warisan,26272,2762,37014,3577,683282.5,62979.75,304,34
TV Contents,Seblak Empire Hentikan Ledakan Cinta,25929,11328,41552,18720,785577.25,364612.15,82,35
TV Contents,makkah_tv,25862,29404,58087,61885,2244918,2329518.75,37,36
TV Contents,"Tersanjung For Evah, Dinikahin Boss Handsome ",24985,8162,39549,12613,894364.05,252988.2,115,37
TV Contents,3xtraOrdinary Meet & Greet,23532,42604,50178,89308,304868.11666666664,941421.81666666665,29,38
TV Contents,vidioproject,23222,22878,31418,29734,78718.75,63217.25,43,39
TV Contents,elshintaradio,20576,20146,29869,29348,97625.25,86086.25,48,40
TV Contents,Cinta Buta,19897,9879,53876,42426,842198.16666666663,751827.28333333333,99,41
TV Contents,Ganteng Ganteng Serigala,19107,21672,214139,265887,2902367.25,3576366.5166666666,45,42
TV Contents,Orang Kaya Baru Jadi Calon Bini,18952,10714,24598,14152,301755,210327.33333333334,89,43
TV Contents,Dari Jendela SMP (Wulan & Joko),18881,14287,33674,21261,46045.416666666664,36454.73333333333,68,44
TV Contents,Anak Langit,18529,14872,128758,133629,1814849.25,1932970.5,64,46
TV Contents,Heart Series,16898,17013,42135,44354,510422,519854.5,56,48
TV Contents,Suara Hati Masayu Annastasia,16830,26227,34660,46076,261151.83333333334,392543.95,39,49
TV Contents,Rebutan Cinta Sekretaris Metal,16354,2753,22251,3583,367774,59399.75,306,51
TV Contents,Cinta Nikita,16047,8465,56257,29789,836645.23333333328,461648.86666666664,111,52
TV Contents,Samudra Cinta (Extras),15127,17413,63775,67477,201836.86666666667,175523,54,55
TV Contents,Anak Band,14931,10125,123526,92334,1571863.0333333334,1108755.1833333333,97,56
TV Contents,tv_edukasi,14678,14513,19773,19440,26361.75,25885,65,57
TV Contents,The Sultan,14623,15209,25386,27529,342276.28333333333,358100.86666666664,60,58
TV Contents,Kisah Nyata,14516,12991,34309,35965,550015.83333333337,557243.43333333335,73,59
TV Contents,deltafm,14415,12292,30576,25716,895137,940735.75,74,60
TV Contents,Kisah Cinta Anak Tiri,14132,10760,71539,59579,921711.03333333333,781188.25,88,61
TV Contents,Berkah Cinta,13451,8475,44875,30838,780637.25,533912.25,110,64
TV Contents,mytvchannel,13105,9331,20895,14710,21541.75,20476.5,103,65
TV Contents,Ganteng Ganteng Gombal,12737,1842,17109,2323,237607.9,27662.5,438,66
TV Contents,mgtradio,12677,14288,19104,21151,47675.25,74313.75,67,67
TV Contents,iradiofmjkt,12657,11695,27760,25313,514056,519111.5,78,68
TV Contents,Tukul Arwana One Man Show,12451,14929,31539,38199,630774.6,695740.23333333328,63,69
TV Contents,dw.english,12413,13646,19807,20782,92573.75,84693,70,70
TV Contents,gen987fm,12117,17342,20354,27488,321247.25,393050,55,71
TV Contents,daaitv,11723,8832,26345,17914,128265,192433.5,106,73
TV Contents,Wig Mu Alihkan Duniaku,11686,6406,18033,10217,185262.26666666666,107355.38333333333,133,74
TV Contents,Munduran Mas Gantengnya Kelewatan,11574,3542,17802,5656,341532.61666666664,103748.13333333333,238,75
TV Contents,nusantaratv,10913,9734,15810,12923,41886,30259.25,101,76
TV Contents,Cowok Gue Anak DWP (Dah Waktunya ke Penghulu),10127,4919,15095,7729,291683.28333333333,142946.6,175,78
TV Contents,Cinta Tapi Benci,9976,6427,36924,28228,495398.3,443481.65,132,80
TV Contents,Pintu Berkah ,9751,11547,24817,28427,376012.96666666667,419463.86666666664,80,83
TV Contents,LIDA 2020,9709,14328,59643,55641,749362.3666666667,647474.25,66,84
TV Contents,Dia Bukan Manusia,9493,14977,19580,24396,186860.25,147451.25,62,85
TV Contents,Get Married The Series 2,9470,4192,34130,21746,503932.75,345213.25,202,86
TV Contents,Selamanya Cinta - Catatan Harianku,9015,15605,13479,19732,202619.41666666666,214895.41666666666,58,92
TV Contents,Jatuh Cinta Pada Catatan Terakhir,8965,15460,14326,20162,271756,276642.7,59,93
TV Contents,Cinta Ketok Magic,8898,781,12633,1039,128167.25,19904.75,867,94
TV Contents,Cinderela Gadungan Gak Pake Sepatu Kaca,8786,2757,10777,3742,87698.166666666672,47699.73333333333,305,95
TV Contents,Suara Hati Istri Amanda Manopo,8711,5859,14443,10150,161100.83333333334,128754.95,155,96
TV Contents," Aku Deketin Kamu, Kamu Deketin Dia",8320,4919,14227,8527,290629.26666666666,180333.6,176,97
TV Contents,Pesan Dari Hati - Catatan Harianku,8221,2462,13361,4272,227356.75,77426.15,335,98
TV Contents,My Love From India,7710,10910,12270,16582,225341.35,258637.08333333334,85,102
TV Contents,Sayap Pelindungmu,7667,16569,34140,72498,531317.05,1049982.75,57,103
TV Contents,Samudra Cinta (Samudra & Cinta),7638,21191,18274,44203,34749.5,92841.066666666666,46,104
TV Contents,Dari Jendela SMP Musical Concert,5936,20413,14427,45372,207166.55,285785.36666666664,47,134
TV Contents,Indah Pada Waktunya,4732,10268,13118,20695,162658.05,222946.13333333333,93,153
TV Contents,Aku Hadiri Mantanku Menikah,4567,24945,7198,36093,136445.3,547921.65,41,160
TV Contents,Sinemania Mariposa,2800,30184,3104,34114,2451.5,25030.8,36,257
TV Contents,Suara Hati Istri - Aku Disakiti Saat Senang Maupun Susah,2387,13054,3268,16696,57367,187314.65,72,290
TV Contents,Ketika Hati Memilih Kembali Untuk Mencintai,2314,10830,3227,13283,53791,168992.75,87,303
TV Contents,Teacher I'm In Love,2002,10292,3227,12390,71861.183333333334,107798.73333333334,92,345
TV Contents,Istri Yang Disembunyikan,1191,27012,1533,38150,30225.5,286209.71666666667,38,544
TV Contents,Penjaga Hati,731,9989,1713,19201,22667.25,158634.5,98,764
TV Contents,DIA,680,11005,1463,15557,32704.5,203255.75,83,806
TV Contents,Pantang Pulang Sebelum Jadian ,600,11774,978,13869,17372.5,152301.5,77,867
TV Contents,musica,19,39298,26,51801,23.5,242910.5,32,8856
TV Contents,kapanlagi,6,11355,6,17020,4.25,88024.25,81,16530
TV Contents,Love Story The Series Extras,0,55074,0,110480,0,147957,24,59823
TV Contents,Buku Harian Seorang Istri Extras,0,49093,0,72156,0,110201.25,27,59824
TV Contents,poles_kepoinlesti,0,35927,0,61206,0,458471.5,34,59825
TV Contents,Audisi LIDA 2021 - 07/03/2021,0,23442,0,44642,0,835644.25,42,59826
TV Contents,Mega Series Suara Hati Istri - Episode 36,0,21846,0,35574,0,731324.16666666663,44,59827
TV Contents,Perfect Sister Bikin Kesel ,0,19208,0,31565,0,668463.96666666667,50,59828
TV Contents,Audisi LIDA 2021 - 06/03/2021,0,18542,0,34595,0,745108.25,51,59829
TV Contents,samaratv,0,18309,0,24140,0,292635,52,59830
TV Contents,Buku Harian Seorang Istri - 06 Maret 2021,0,18065,0,25593,0,443046.5,53,59831
TV Contents,Seru Seruan Bareng di Meet and Greet Sinetron SCTV All Stars - 6 Maret Pukul 16.00 WIB Livestream Vidio,0,15030,0,20374,0,5164,61,59832
TV Contents,Love Story The Series - 06 Maret 2021,0,13857,0,22421,0,333137.25,69,59833
TV Contents,Wow! Guru dan Murid Berujung Di Pelaminan,0,13377,0,20359,0,397756.4,71,59834
TV Contents,Dari Jendela SMP - 317 Part 1/2,0,12285,0,17555,0,220700.8,75,59835
TV Contents,Mega Series Suara Hati Istri - Episode 39,0,12261,0,31699,0,222307,76,59836
TV Contents,Aku Jadi Penghulu Temanku dan Mantan Pacarku,0,11657,0,14206,0,141429.83333333334,79,59837
TV Contents,vidiofirstlook,0,10919,0,14416,0,54891.75,84,59838
TV Contents,Boss Que Vs Cewek Ndeso,0,10883,0,15006,0,283968.75,86,59839
TV Contents,Dari Jendela SMP - Episode 317 | Part 2/2,0,10574,0,16192,0,160396.75,90,59840
TV Contents,Dari Jendela SMP - 06 Maret 2021,0,10489,0,14014,0,153631.25,91,59841
TV Contents,Ganteng Ganteng Gokil,0,10262,0,12724,0,131849.25,94,59842
TV Contents,Diet Ekstrim Bucin Sejati,0,10245,0,15387,0,290975.75,95,59843
TV Contents,Sebut Saja Si Kembang Desa,0,10148,0,14950,0,321207.25,96,59844
General Entertainment,Makan Teman Mantan Teman,19823,1575,29531,2340,420592.58333333331,21750.466666666667,67,2
General Entertainment,Kisah Islami,10827,6495,22727,13937,146141,73627.766666666663,12,4
General Entertainment,Penthouse,10350,1964,14195,2171,34808.35,1427.25,44,6
General Entertainment,Essential: Christie,8611,4916,9978,5769,14043.2,7358.1,15,7
General Entertainment,Kisah Legenda Putri,6217,2064,7886,2640,29691.666666666668,9358.4166666666661,42,9
General Entertainment,Tangisan Dalam Doa Aldebaran Meminta Andin Kembali,6073,1127,7687,1321,16678.5,2806,101,10
General Entertainment,The Last Princess,5935,718,6666,792,7349.75,844.9666666666667,187,11
General Entertainment,Airmata Kesedihan Aldebaran Diambang Perceraian dengan Andin,5765,555,7549,648,16978.25,1854.5,230,13
General Entertainment,dr. Boyke - Nonton Bokep,4858,5532,5208,5902,1803.25,2213,14,18
General Entertainment,Essential: Lesti Kejora,4548,4910,8263,8579,19630.383333333335,19036.116666666665,16,19
General Entertainment,Alpha and Omega,4008,4786,4822,5915,4473.25,6565,17,21
General Entertainment,The K2,3889,3062,6628,5162,81694.116666666669,74471.25,27,22
General Entertainment,Hot and Sweet,3754,3359,9535,8261,72328.25,62293.76666666667,23,23
General Entertainment,Ketika Raga dan Cinta Andin untuk Aldebaran Telah Rapuh,3699,1970,4836,2905,12201,7267.5,43,24
General Entertainment,Sweet 20,3526,887,4004,1007,5111.5,1158.0666666666666,141,27
General Entertainment,Andin dan Aldebaran Kesampingkan Ego Demi Kebahagiaan Reyna,3436,547,4323,661,14595.25,2368.5,235,28
General Entertainment,NOAH & Shakira Jasmine - 우리의 이야기 Urieui Iyagi (Semua Tentang Kita),3432,1018,3916,1189,6074.25,1975,120,29
General Entertainment,Gagal Nikah The Series,2986,1326,3681,1625,25136,11320,79,33
General Entertainment,Panglima Perang,2814,1185,5072,2204,31942.5,15467.5,95,34
General Entertainment,Gundala,2752,2586,3200,3265,4135.25,2549.25,33,35
General Entertainment,"Cinta, Kesedihan dan Air Mata Amanda Manopo di Ikatan Cinta",2226,1498,2547,1678,3428.25,1954.25,72,42
General Entertainment,5 CM,2197,1817,2708,2001,5783.25,2681.75,58,43
General Entertainment,Prilly Latuconsina Tak Menyangka Didoakan Berjodoh dengan Reza Rahadian,2170,1824,2609,2111,1462,1088,55,45
General Entertainment,Ketika Amanda Manopo dan Arya Saloka Menyatakan Cinta di Ikatan Cinta,2115,941,2914,1296,6073.5,2723.4833333333331,134,47
General Entertainment,Arya Saloka Galak Tapi Cinta ke Amanda Manopo di Ikatan Cinta,2093,870,3023,1286,6887,2867.2333333333331,143,49
General Entertainment,The Raid 2: Berandal,2087,1920,5187,2110,2847.25,667.5,49,50
General Entertainment,KOTAK – Jagalah Bumi (Official Music Video) (Theme Song from BoBoiBoy),2084,2832,2896,3887,3723.25,5121.25,30,51
General Entertainment,Aldebaran Berupaya dengan Hati Cinta Andin Kembali,2069,704,2579,877,6814.75,1866,191,52
General Entertainment,[ANTV] Operasi Cipta Kondisi di Polsek Tigaraksa,1907,981,2089,1075,1295.75,559.25,126,55
General Entertainment,Essential: D'MASIV,1887,1533,2632,2310,4658.5,4277.25,71,58
General Entertainment,Model Cantik Robohkan Rumah Tunangannya,1678,853,2067,1001,2054.75,1191.5,147,61
General Entertainment,American Pie,1616,2657,1832,2941,1401.25,2128.5333333333333,31,62
General Entertainment,Arya Saloka Dendam Jadi Cinta ke Amanda Manopo di Ikatan Cinta,1542,548,1857,651,2474.75,1045.25,234,64
General Entertainment,Posisi Sex Paling Gurih !,1533,976,1641,1088,1004.25,753.25,129,65
General Entertainment,Aku Jadi Penghulu Temanku dan Mantan Pacarku,1520,903,2058,1093,1670.25,666.5,138,67
General Entertainment,UNGU - Cinta Dalam Hati - Official Music Video with Lyric,1476,1077,1749,1316,3612.05,2558.25,109,68
General Entertainment,Headshot,1468,1236,1607,1335,1435.75,892.25,92,69
General Entertainment,OMG! Divyanka Tripathi Lagi Mabuk dalam Yeh Hai Mohabbatein,1438,717,1659,837,304.25,104,188,70
General Entertainment,The K2 Episode 1,1406,725,2061,986,17808.25,9445,181,72
General Entertainment,The Raid,1388,993,4408,1140,3221.5,340.25,125,74
General Entertainment,Wow! Guru dan Murid Berujung Di Pelaminan,1374,1788,1525,2026,1294.3,1387.8,59,75
General Entertainment,Aku Hadiri Mantanku Menikah,1338,2268,1528,3414,1398.5,3001.3166666666666,36,81
General Entertainment,Steel Rain: Summit,1324,642,1532,690,1277.25,806.25,208,82
General Entertainment,Nothing But Thirty,1313,791,1467,887,1408,2029.25,157,83
General Entertainment,Essential: Rossa,1287,1132,3077,3434,9415.5,21794.5,100,86
General Entertainment,berenang main mandi bola bee bee land naik odong-odong motor anak Perosotan Anak,1273,1018,1782,1451,3872.5,3400,121,87
General Entertainment,Essential: Wali,1265,1561,2420,3146,4994.75,8344.75,70,88
General Entertainment,BoBoiBoy The Movie OST: D'MASIV - Di Bawah Langit Yang Sama (Comic Lyric Video) ,1264,1323,1427,1548,1442.75,2039,80,89
General Entertainment,"TERSANJUNG, Nostalgia yang Dibalut Erat dengan Prahara Cinta! - Movie Review - MOVIE FREAK",1254,2159,1512,2509,884.25,1308.75,39,90
General Entertainment,"Terpaut Usia Cukup Jauh,  Begini Kedekatan Emiliano Cortizo dengan Sang Adik",1241,1247,1426,1403,732.5,817.25,91,91
General Entertainment,The Flu,1232,3229,1343,3507,1130,3033.5,26,92
General Entertainment,Pendekar Tongkat Emas,1220,1470,1358,1665,1559.75,1735,73,94
General Entertainment,7 Fakta Upin & Ipin,1219,1303,1625,1713,2598.25,2680,84,95
General Entertainment,Janda Kembang,1192,1083,1286,1159,1388,1261.5,108,97
General Entertainment,Ada Apa Dengan Cinta 2,1157,1150,2217,2085,67934,62830.25,97,98
General Entertainment,Tenggelamnya Kapal van der Wijck,1148,1055,1273,1201,1199.5,1131.3333333333333,113,99
General Entertainment,"Terlalu Posesif, Putusin Atau Bertahan",1120,1819,1314,2890,1179.95,3318.0666666666666,57,103
General Entertainment,bermain di Istana Balon Doraemon Odong odong Mainan Anak banyak teman Kids Pool Fun Baloon Castle,1024,1399,1493,2019,3057.25,4235,76,112
General Entertainment,Bokep di Gadget,998,1881,1067,2008,311.75,620.5,53,118
General Entertainment,Secretary,906,2112,996,2266,626.5,1361.25,41,128
General Entertainment,Posesif,896,1279,1153,1874,1006.25,1736,87,130
General Entertainment,Essential: Mahen,890,4216,1556,7595,4915.25,16423,19,132
General Entertainment,"Ikatan Cinta Dicintai Pemirsa, Ini Kata Amanda Manopo",887,1696,953,1829,1218.25,2215.25,62,133
General Entertainment,Indonesian Horror Story,784,1225,1122,1760,1178.25,1542.5,93,153
General Entertainment,Essential: Pasto,745,1949,2260,4099,5465.15,8884.75,46,158
General Entertainment,Essential: Ungu,728,1839,1195,3545,2398.75,7027.5,54,160
General Entertainment,Because This Is My First Life,726,1191,2861,3493,62607.25,69996.5,94,161
General Entertainment,Essential: Rhoma Irama,664,1664,1058,3025,2522,6969.5,64,187
General Entertainment,Ada Cinta di SMA,540,1260,613,1397,571,1596.8333333333333,89,235
General Entertainment,Live On,535,2636,1305,3784,1254.25,10765.5,32,238
General Entertainment,Ernest Prakasa Coba Patahkan Standar Kecantikan Lewat ‘Imperfect The Series’,434,1257,453,1329,362.5,825.25,90,293
General Entertainment,Bridesmaid Barbar Curi Perhatian di Nikahan Orang,424,1763,508,2039,184.95,1173.0833333333333,60,300
General Entertainment,samaratv,0,69854,0,115987,0,1338367.5166666666,1,79032
General Entertainment,Poles - Kepoin Lesti,0,54640,0,112816,0,665851.3,2,79033
General Entertainment,Pingin Siaran Show,0,52631,0,89671,0,616851.75,3,79034
General Entertainment,Raffi Ahmad & Nagita Slavina | Christie SERIBU KALI CINTA THE SERIES Eps 4,0,30631,0,35125,0,24176,4,79035
General Entertainment,Dude Harlino & Alyssa Soebandono | Christie SERIBU KALI CINTA THE SERIES Eps5,0,27151,0,30865,0,30393.75,5,79036
General Entertainment,Jamming Session Special With Lesti,0,23578,0,35073,0,295068.86666666664,6,79037
General Entertainment,5 Bulan Pernikahan Andin dan Aldebaran di Ikatan Cinta,0,15586,0,19460,0,36358.75,7,79038
General Entertainment,Vidio Music Corner : Rencana Hebat Geisha & Dul Jaelani,0,10172,0,11332,0,13717.75,8,79039
General Entertainment,Labrak Mantan Auto Manten,0,8035,0,11097,0,9173,9,79040
General Entertainment,Ada Apa dengan Andin? 2 Hari Menghilang dari Sinetron Ikatan Cinta,0,7906,0,9730,0,17545.25,10,79041
General Entertainment,Sarah Playschool - Belajar Alfabet,0,6534,0,20824,0,140234.25,11,79042
General Entertainment,Kecemasan Andin Kambuh Dengar Kebohongan Aldebaran di Ikatan Cinta,0,6005,0,7311,0,15857,13,79043
General Entertainment,"Di Antara Cerita, Rasa, dan Diam-Diamnya ArTi",0,4685,0,9876,0,139892.5,18,79044
General Entertainment,Dedek kangen dengan Lesti lovers ternyata! Saksikan POLES tanggal 4 Maret!  | Poles - Kepoin Lesti,0,4201,0,5084,0,3623.5,20,79045
General Entertainment,5 Fakta Jelang Juventus vs Porto,0,4151,0,5011,0,2025,21,79046
General Entertainment,Bagas Ran - Takkan Bisa Bersama (Official Music Video),0,3425,0,3800,0,5662.75,22,79047
General Entertainment,Imajinasi Kebahagiaan Zoe Jackson dan Cinta Brian di Buku Harian Seorang Istri,0,3323,0,4085,0,5459,24,79048
General Entertainment,"Kembali Ketahuan Bayar Mateo, Nino Memutuskan Cerai dengan Elsa",0,3301,0,3922,0,7572.25,25,79049
General Entertainment,Firasat Cinta Aldebaran Akhirnya Menemukan Andin Kembali,0,2896,0,3617,0,7633.5,28,79050
General Entertainment,Aldebaran Kembali Berbohong Kepada Andin Demi Tutupi Masalah Rendy,0,2849,0,3481,0,9556,29,79051
General Entertainment,Mengintip Aksi Song Joong Ki di Drama Terbaru 'Vincenzo',0,2385,0,2682,0,1478.4333333333334,34,79052
General Entertainment,BaLiTa - Seri Kegiatan Sehari-Hari,0,2282,0,3456,0,15232.25,35,79053
General Entertainment,Perankan Andin di Ikatan Cinta Amanda Manopo Diancam Dibunuh,0,2242,0,2383,0,3872.5,37,79054
General Entertainment,Lesti Kejora - Rizky Billar | Christie SERIBU KALI CINTA THE SERIES Eps 2,0,2210,0,2999,0,9005.75,38,79055
General Entertainment,Aldebaran Berbohong ke Andin untuk Bawa Reyna Tes DNA,0,2137,0,2526,0,5924.25,40,79056
General Entertainment,Sesame Street ,0,1957,0,3135,0,34846.85,45,79057
General Entertainment,"Kepoin Tas Nabila Atmaja, 2 Benda ini Wajib Ada saat Syuting Love Story The Series",0,1941,0,2334,0,1789.25,47,79058
General Entertainment,"Rusuh, Massa Pro dan Kontro KLB Partai Demokrat Saling Serang",0,1936,0,2141,0,3319,48,79059
General Entertainment,Trio Macan - Kutimang Adikku Sayang (Official Music Video),0,1918,0,2364,0,4076.25,50,79060
General Entertainment,Lagu Anak Indonesia Manggis,0,1910,0,2326,0,2498,51,79061
General Entertainment,Gemas! Sikap Andin Semakin Manja Bikin Aldebaran Salah Tingkah,0,1894,0,2254,0,6351.75,52,79062
General Entertainment,"Berusia 18 Tahun, Zoe Jackson Sukses Perankan Istri Tabah di Buku Harian Seorang Istri",0,1819,0,2187,0,3459.5,56,79063
General Entertainment,Audi Marissa - Anthony Xie | Christie SERIBU KALI CINTA THE SERIES Eps 3,0,1703,0,2315,0,6031.75,61,79064
General Entertainment,"Romantis, Aldebaran Bercumbu Mesra dengan Andin di Ikatan Cinta",0,1692,0,2018,0,7658,63,79065
General Entertainment,"Cinta Tanpa Batas Waktu, Andin dan Aldebaran Saling Merindu",0,1605,0,2431,0,6706.5,65,79066
General Entertainment,"Breaking Celeb! Suasana Terkini, Rina Gunawan Meninggal Dunia Karena Covid-19 di RSPP",0,1591,0,4515,0,7982.75,66,79067
General Entertainment,Martarombo,0,1574,0,1715,0,4800.75,68,79068
General Entertainment,Pemerintah Tak Ikut Campur Kisruh Demokrat,0,1572,0,1805,0,2047.75,69,79069
General Entertainment,"Breaking Celeb! Kabar Duka, Rina Gunawan Meninggal Dunia",0,1469,0,4361,0,4145.5,74,79070
General Entertainment,"Makin Dekat dengan Rara LIDA, Gunawan LIDA: Kita Saling Komitmen",0,1418,0,2290,0,5625.75,75,79071
General Entertainment,"Sesuatu, Aku Merias Calon Istri Mantanku",0,1349,0,1685,0,1725,77,79072
General Entertainment,Lagu Hafiz & Hafizah,0,1326,0,3451,0,20964.05,78,79073
General Entertainment,"Tata Janeeta - Cinta Sebodoh Ini ""Versi 2"" (Official Music Video)",0,1311,0,1620,0,2197.25,81,79074
General Entertainment,Vidio Music Corner : Pasto X Nexgen (Ost. Dari Jendela SMP),0,1310,0,1707,0,6137.25,82,79075
General Entertainment,KPK Perlihatkan Barang Bukti OTT Gubernur Nurdin Abullah dan ditetapkan Jadi Tersangka,0,1309,0,1408,0,3814,83,79076
General Entertainment,Seru! Potret Totalitas Pemain Beradegan di Sinetron Buku Harian Seorang Istri,0,1301,0,1565,0,2142,85,79077
General Entertainment,Rina Gunawan Meninggal Dunia,0,1297,0,1475,0,786.25,86,79078
General Entertainment,Senam Sehat Bersama Hafiz & Hafizah,0,1260,0,1741,0,4230.7,88,79079
General Entertainment,Belajar Bersama Hafiz & Hafizah,0,1178,0,2507,0,17749.75,96,79080
General Entertainment,BERANI BERUBAH: Dodol Perekat Korban PHK,0,1149,0,1322,0,1829.75,98,79081
General Entertainment,[TEASER] Dude Harlino & Alyssa Soebandono | Christie SERIBU KALI CINTA THE SERIES Eps5,0,1139,0,1262,0,575.5,99,79082
